{
    "final_accuracy": 0.4161849710982659,
    "classification_report": {
        "bald": {
            "precision": 0.4161849710982659,
            "recall": 1.0,
            "f1-score": 0.5877551020408164,
            "support": 72.0
        },
        "notbald": {
            "precision": 0.0,
            "recall": 0.0,
            "f1-score": 0.0,
            "support": 101.0
        },
        "accuracy": 0.4161849710982659,
        "macro avg": {
            "precision": 0.20809248554913296,
            "recall": 0.5,
            "f1-score": 0.2938775510204082,
            "support": 173.0
        },
        "weighted avg": {
            "precision": 0.17320993016806444,
            "recall": 0.4161849710982659,
            "f1-score": 0.2446148401557155,
            "support": 173.0
        }
    },
    "train_accuracy": [
        0.6253602504730225,
        0.651296854019165,
        0.6916426420211792,
        0.7219020128250122,
        0.7665706276893616,
        0.7521613836288452,
        0.7665706276893616,
        0.7910662889480591,
        0.8126801252365112,
        0.8155619502067566,
        0.8155619502067566
    ],
    "val_accuracy": [
        0.4161849617958069,
        0.4161849617958069,
        0.4161849617958069,
        0.4161849617958069,
        0.4161849617958069,
        0.4161849617958069,
        0.4161849617958069,
        0.4161849617958069,
        0.4161849617958069,
        0.4161849617958069,
        0.4161849617958069
    ],
    "train_loss": [
        4.50396203994751,
        0.7194324135780334,
        0.5896334052085876,
        0.5731300711631775,
        0.5050786137580872,
        0.5145394802093506,
        0.48121464252471924,
        0.46925511956214905,
        0.4215945303440094,
        0.41716381907463074,
        0.4135266840457916
    ],
    "val_loss": [
        11.447378158569336,
        22.323963165283203,
        25.831401824951172,
        32.40512466430664,
        35.120540618896484,
        38.77607345581055,
        41.016441345214844,
        42.00467300415039,
        38.27156066894531,
        34.469764709472656,
        33.32234573364258
    ]
}